{
    "accuracy": 0.8080663322755656,
    "precision": 0.5676307332749051,
    "recall": 0.8310521813515825,
    "f1_score": 0.6745356708904704,
    "confusion_matrix": [
        [
            5951,
            1480
        ],
        [
            395,
            1943
        ]
    ]
}