{
    "accuracy": 0.8111666188935752,
    "precision": 0.5710987996306556,
    "recall": 0.8467528022589201,
    "f1_score": 0.6821299327933827,
    "roc_auc": 0.9078839559134132,
    "confusion_matrix": [
        [
            29723,
            7432
        ],
        [
            1791,
            9896
        ]
    ],
    "timestamp_utc": "2026-02-28T18:54:32.952253+00:00"
}